Reinwald Dunks,Room 527,676101109544,
Darsie Fyers,Suite 36,837464704284,
Inger Chisnell,PO Box 9796,288959680579,
Artemis Northidge,Apt 1395,357586754674,
Lexis Eynon,Room 1163,630497240454,
Tallou Weare,Room 1478,677158067243,
Thoma Royans,16th Floor,355335679621,
Kathy Stowgill,Apt 498,300244885912,
Edd Jahncke,Apt 192,490596387500,
Obie Pendlebury,PO Box 16477,502047013650,
Sanford Coyett,8th Floor,604072640993,
Roch Monro,Room 1716,201820129462,
Livia Oels,Suite 23,353572691249,
Dorise Butterley,PO Box 13012,502538682996,
Lorena Turneux,4th Floor,356864101772,
