Reinwald Dunks,Room 527,ABCD123456,676101109544,
Rinwald Dunks,Room 527,ABCD187456,676101109544,
Darsie Fyers,Suite 36,ABDE098765,837464704284,
Inger Chisnel,PO Box 9796,ABFG009011,288959680579,
Inger Chisnell,PO Box 9796,ABKG899011,288959680579,
Thoma Royans,16th Floor,WPRX909450,355335679621,
Artemis Northidge,Apt 1395,MNOP125678,357586754674,
Lexis Eyon,Room 1163,DDMN125489,630497240454,
Tallou Weare,Room 1478,WERF568762,677158067243,
Tallou Weare,Room 1478,WEHG876562,677158067243,
Kathee Stowgill,Apt 498,YOUR886644,300244885912,
Edd Jahncke,Apt 192,POPW675423,490596387500,
Obie Pendlbury,PO Box 16477,MSDF534712,502047013650,
Obie Pendlbary,PO Box 16477,MSFD534824,502047013650,
